topic,example_post,subject
-1,"Семье погибшего в результате ночных прилетов уроженца Липецка выплатят 500 тыс. рублей из средств благотворительного фонда, сообщил мэр Сочи Андрей Прошунин.","Новости происшествий"
0,"Россию совершенно не устраивает вступление Украины в НАТО, подчеркнул Путин.","Международная политика"
6,"Делаем картинки за несколько секунд: Hailuo AI выпустили свой генератор изображений Image-01.","Технологии и искусственный интеллект"
4,"Poizon ОФИЦИАЛЬНО вышел на российский рынок — журналисты получили ответ от Shanghai Dewu Information Group Co.","Бизнес и торговля"
1,"В подмосковной Ивантеевке загорелся частный дом после падения обломков сбитого дрона.","Новости происшествий"
2,"Мэр Владимира Наумов обвиняется в получении взятки на 1,1 млн руб от представителей сферы ритуальных услуг.","Коррупция и правосудие"
3,"Слухи о плохом самочувствии Игоря Стрелкова, отбывающего наказание в кировской колонии, не соответствуют действительности.","Политические новости"
20,"Последняя обнова Windows 11 ЛОМАЕТ систему: перестает работать меню «Пуска» и Wi-Fi.","Технологии и IT"
22,"В России готов к производству первый в мире полностью беспилотный робот-трактор.","Инновации и сельское хозяйство"
7,"Массовый СБОЙ в Телеграме — юзеры из нескольких регионов не могут отправить ни сообщения, ни медиа.","Сбои и соцсети"
5,"Следователи начали проверку после крушения легкомоторного самолета Х-32 «Бекас» в Рязанской области.","Происшествия и транспорт"
9,"Иран допускает возможность прямых переговоров с США в обмен на смягчение санкций.","Международные отношения"
11,"S.T.A.L.K.E.R. 2 слили на торренты — прошло всего полтора часа.","Игры и утечки"
13,"Купив доллар за 82 рубля сейчас, а продав к концу года хотя бы за 100 рублей, можно заработать 22%.","Финансы и валютный рынок"
8,"Президент Перу Хосе Хери объявил в Лиме чрезвычайное положение на фоне массовых беспорядков.","Международная политика и протесты"
31,"ChatGPT Atlas ИЗМЕНИТ поиск в интернете — никаких привычных страниц со ссылками.","Технологии и искусственный интеллект"
25,"Вышел ИИ-репетитор YouLearn, который помогает студентам по любым предметам.","Образование и искусственный интеллект"
17,"США и Украина могут ждать десятилетия, чтобы получить доходы от соглашения по минералам.","Экономика и добывающая промышленность"
35,"Россиян хотят штрафовать за «противозачаточные видео» и за дискредитацию материнства.","Общество и законодательство"
10,"Стармер пытается компенсировать внешней политикой и русофобией проблемы Британии, поделился мнением профессор Ричард Саква.","Международная политика и аналитика"
21,"Тинькофф опубликовали в AppStore новое приложение Т-старт. При входе в банк появляется плашка, предлагающая скачать приложение.","Банковские технологии"
44,"Андроид Unitree первым выполнил обратное сальто без гидравлики. Двуногий робот H1 от китайской компании Unitree стал первым андроидом, который выполнил сальто назад.","Робототехника и технологии"
18,"Дожди ожидаются в Москве во вторую половину дня субботы, воздух прогреется до плюс 12 градусов.","Погода и климат"
16,"Пентагон установил новый рекорд беспроводной передачи энергии — 8,5 километра.","Наука и технологии"
12,"Госдума приняла в первом чтении законопроект о запрете продажи табачной продукции на остановках.","Законодательство и здоровье"
23,"Мошенники массово выдают себя за сотрудников Wildberries и Ozon, чтобы выманить данные у россиян.","Кибербезопасность и мошенничество"
27,"Уже через 5 часов итоги розыгрыша Samsung S25! Все условия для участия — в посте.","Маркетинг и розыгрыши"
28,"Известный ИИ-исследователь Тамай Бесироглу вызвал шквал критики, запустив стартап Mechanize с миссией ""полной автоматизации всей экономики""...","Технологии и искусственный интеллект"
47,"Пользователи Telegram жалуются на очередной сбой. Не загружаются медиа и голосовые сообщения.","Сбои и соцсети"
14,"ПВО за почти 3 часа сбила 37 украинских БПЛА самолетного типа над Крымом, Черным и Азовским морями, сообщает Минобороны.","Военные новости"
41,"Яндекс Лавка сделала буквально круглую рекламу — сервис креативно обыграл свой слоган про доставку круглый год.","Маркетинг и реклама"
56,"Путин заявил, что Россия и США могли бы запустить совместные проекты по добыче алюминия, например, в Красноярском крае.","Экономика и сотрудничество"
30,"В Москве курьеры теперь как топ-менеджеры — на Авито появились вакансии с зарплатой до 1,3 миллиона рублей в месяц.","Экономика и рынок труда"
15,"Путин провел телефонный разговор с президентом Киргизии Садыром Жапаровым.","Международные отношения"
36,"Очищаем фон любой картинки за один клик — бесплатный Clear Background уберет фон.","Технологические инструменты и лайфхаки"
34,"Ян Топлес объяснил смысл мема «Умный человек в очках».","Интернет-культура и мемы"
32,"Венгрия обеспечит безопасный въезд и выезд Путина для переговоров с Трампом.","Международная политика"
52,"Девушка заработала полмиллиона рублей на видео с кошкой в TikTok.","Соцсети и блогинг"
19,"Путин не интересуется тем, что про него пишут в книгах и фильмах.","Политика и общество"
37,"Новая iOS 26 выходит 15 сентября. Ищем свой айфон на картинке.","Технологии и обновления Apple"
50,"ЕС ввёл санкции против банков «Точка», «Ак Барс», «Синара» и «Уралсиб».","Международные санкции и экономика"
58,"Японцы создали капсулы для переселения в робота — управление движениями тела.","Робототехника и технологии будущего"
48,"Рост числа мигрантов в России сохранится до 2030 года.","Демография и миграционная политика"
24,"Проблемы с Telegram и другими сайтами в России — возможное замедление.","Интернет и цензура"
61,"Много нового в бета-версии Telegram для Android — кастомизация и подсветка кода.","Технологические обновления и мессенджеры"
84,"В бета-версии iOS 18 обнаружили прокачанный фонарик.","Мобильные технологии"
51,"Цены на фастфуд и снеки могут вырасти из-за акцизов.","Экономика и общество"
46,"Пары, познакомившиеся онлайн, оказались менее счастливы, чем те, кто встретился вживую.","Социальные исследования и отношения"
63,"Смартфон можно вернуть, если на него нельзя установить RuStore.","Технологическое регулирование в России"
62,"Фокус, который может повторить твой бро.","Развлечения и вирусные видео"
42,"Швеция усилит борьбу с беспилотниками и вложит 3,5 млрд крон в оборону.","Военная политика и технологии"
26,"Сводка спецоперации: освобождение Вербового, удары по объектам ВСУ.","Военные действия и геополитика"
53,"41% работодателей в мире планируют сокращения из-за ИИ.","Рынок труда и искусственный интеллект"
60,"Банк России хочет получить данные обо всех майнерах страны.","Криптовалюты и финансовое регулирование"
33,"Паша Воля отдает всю зарплату жене и детям — святые слова.","Шоу-бизнес и личная жизнь"
132,"Цены на чай, кофе и фрукты вырастут из-за падения рубля.","Экономика и потребительский рынок"
29,"Sora показала «Тетрадь смерти», если бы Кира действовал логично.","Культура и искусственный интеллект"
64,"Красноярская чиновница предложила отправиться на фронт тем, кто потеряет работу из-за перебоев с интернетом.","Социальные конфликты и политика"
67,"В Яндекс Go появится оплата в общественном транспорте — быстро и без лишних движений. Первым городом, где заработает фича, станет Ярославль.","Технологии и транспорт"
82,"Гении с Reddit нашли способ, как улучшить программирование с нейронкой в разы — теперь ИИ пишет чистый код без рандома.","ИИ и программирование"
55,"SpaceX установила новый рекорд — три запуска за 13 часов. Falcon 9 доставила космонавтов, 74 спутника и 23 Starlink.","Космос и технологии"
75,"Более 45 тысяч россиян зарабатывают свыше миллиона рублей в месяц — почти вдвое больше, чем 2 года назад.","Экономика и уровень доходов"
116,"В Россию завезли протеиновое пиво — в одной банке 30 грамм белка!","Развлечения и здоровый образ жизни"
122,"Скамеры придумали новый гениальный развод — мужики, не попадитесь.","Интернет-мошенничество"
128,"Блокирование одного гена дало мыши две лишние лапы вместо гениталий — учёные выяснили роль гена Tgfbr1.","Наука и генетика"
40,"Предсказал успех Хиддинка. Каким фанатом футбола был композитор Родион Щедрин.","Культура и спорт"
78,"Мальчики: поздравляют любимых женщин. Мужчины: на самом деле все поздравляют женщин с праздником.","Соцсети и праздники"
127,"Sortly — тулза, которая разбирает хлам на компе за секунды. Сортирует файлы по типу и форматам.","Технологии и лайфхаки"
38,"BMW выпустит Skytop с фирменной акульей мордой и 4.4 V8 на 617 л.с. — все 50 экземпляров уже выкуплены.","Автоиндустрия и технологии"
68,"OpenAI выпустила GPT-4o mini — новую базовую модель, замену GPT-3.5. Бесплатно доступна всем.","ИИ и технологические релизы"
74,"Робот UBTech научился сам менять себе батареи без участия человека.","Робототехника и автоматизация"
91,"Открытый мастер-класс по созданию AI-видео в Veo 3 от Google. Бесплатно, с розыгрышем подписок.","ИИ и образование"
39,"Ограничения на взлет и посадку в аэропорту Оренбурга сняты.","Новости и транспорт"
93,"Астрофизики объяснили загадку рентгеновского излучения вокруг черных дыр — впервые с 1980-х.","Наука и космос"
54,"Твоё лицо, когда ты директор ФБР и слушаешь, что говорит Трамп. Повезло с боссом.","Мемы и политика"
43,"Telegram попал под волну критики из-за подарков Снуп Догга — пользователи жалуются Мизулиной.","Интернет и общество"
71,"Интернет может пропасть 7 и 9 мая в Москве из-за работ операторов.","Интернет и инфраструктура"
126,"Цены в «Магнитах» выросли в 2,5 раза за 10 лет, а продукты уменьшились в размере.","Экономика и потребительский рынок"
76,"Цена на Bitcoin уже ниже $94,000.","Криптовалюты и финансы"
87,"В Гонконге влажность достигла 100% — люди спят под зонтами из-за конденсата.","Погода и экология"
107,"Telegram был недоступен ~10 минут, но уже работает.","Технологические сбои и интернет"
70,"Госдума определила налог с майнинга и криптовалютных сделок в России.","Финансовое регулирование и крипто"
45,"Секретная фича Windows 98: нажал один раз — остался без мышки.","Технологическая ностальгия и юмор"
69,"«Мы предлагаем Украине ВОЗОБНОВИТЬ мирные переговоры в Стамбуле 15 мая» — Путин. Президент только что затизерил новый договорнячок, собрали для вас главное: • Путин надеется на восстановление отношений с европейскими странами, даже с теми, кто «разговаривает с Россией в хамской риторике». • Россия настроена на серьезные переговоры и разрешение конфликта. • Мир с лихорадочным рытьем окопов не нужен никому, нужно выйти на долгосрочный мир, заявил Путин. Почему это важно: • Стороны перестали говорить ультиматумами — есть шанс на разрешение конфликта и восстановление мира. • Новый договорнячок может привести к снятию санкций, укреплению рубля и снижению цен, например, на электронику и всеми любимые игры. • Со временем в РФ может вернуться западный бизнес, а с ним и софт, сервисы и утерянные плюшки. Держим кулачки","Политика и международные отношения"
110,"Все части «Сумерек» покажут БЕСПЛАТНО на YouTube — трансляции пройдут на официальном канале с 7 по 14 сентября. Девочки, срочно ускоряем Ютуб.","Развлечения и кино"
81,"Кошачий приют посреди моря ищет волонтёров — придётся ухаживать за хвостатыми на греческом острове Сирос пять часов в день. Всё проживание оплачивается, но обязанности гигасложные: гладить и кормить котиков. Хочется бросить всё и бежать за билетами на Авиасейлс.","Социальные проекты и волонтёрство"
49,"Тревожники, общий сбор! Психолог рассказала про шесть приёмов, которые помогут быстро вырубить тревогу без таблеток.","Психология и здоровье"
97,"Англичанка c IQ выше, чем у Эйнштейна и Хокинга, отчислилась из Оксфорда и пошла в ПРОСТИТУТКИ. Теперь она стала миллионершей.","Личности и необычные истории"
80,"Twitch ЗАБЛОКИРУЮТ в России!? Роскомнадзор сообщил, что общий объём штрафов, выписанных платформе, превысил 70 млн рублей.","Интернет и законодательство"
104,"В Непале лидера страны выбрали с помощью ChatGPT — нейросеть предложила 73-летнюю Сушилу Карки.","ИИ и политика"
92,"Психолог раскидала геймеров на 5 психотипов — ищем себя и кореша.","Психология и гейминг"
85,"Ученые НАСА считают, что нашли следы древних форм жизни в образцах марсохода Perseverance.","Наука и космос"
83,"Цены на жизненно необходимые лекарства в России могут взлететь из-за правила «второй лишний».","Экономика и здоровье"
130,"Apple могут отказаться от всех физических кнопок. В новом отчете компании заметили заказ на емкостные кнопки для iPhone 16.","Технологические новинки и гаджеты"
65,"Наемники из Японии принимают участие в украинском конфликте на стороне ВСУ, рассказал украинский пленный.","Военные конфликты и международные новости"
57,"Парни, которые помогают по дому, уменьшают риск депрессии у своих любимых на 20%.","Наука и психология"
79,"Администрация Трампа планирует рассмотреть все возможные санкции против России из-за конфликта на Украине.","Политика и экономика"
59,"Spotify НЕ СТАНЕТ обнулять подписки, оформленные через другие регионы.","Технологии и цифровые сервисы"
66,"Венгрия будет сбивать российские беспилотники, если они вторгнутся в воздушное пространство страны.","Политика и оборона"
90,"Протестировали музыкальную разметку на трассе М-11 под Петербургом — работает.","Транспорт и технологии"
173,"В Тюмени проводятся контрольные закупки абортов активистками фонда «Женщины за жизнь».","Социальные проекты и права"
96,"Одобрен препарат против рака кишечника со 100% эффективностью — FDA.","Медицина и наука"
77,"Трамп работает над «фондом победы» на Украине, финансируемый пошлинами с Китая.","Политика и экономика"
103,"Цены на жилье в России могут взлететь к 2027 году — эксперты.","Экономика и недвижимость"
100,"Telegram и WhatsApp* демонстрируют нежелание соблюдать российские законы, заявил депутат Немкин.","Интернет и законодательство"
149,"Сбер опубликовал программу для установки приложения на iPhone без App Store.","Технологии и лайфхаки"
95,"Национальный автомобильный союз предложил запретить «иранские шторки» на автомобилях для повышения безопасности.","Автоиндустрия и безопасность"
123,"Илон Маск сообщил, что работа сети Starlink скоро будет восстановлена.","Технологии и космос"
889,"Землю накрыла мощнейшая магнитная буря — сильнейшая за последние месяцы.","Погода и космос"
165,"GPT-5 уничтожила всех конкурентов — теперь официально самая мощная нейронка в мире.","ИИ и технологические релизы"
101,"В сети хайпит собакен, который наелся разноцветных шариков Орбиз.","Животные и развлечение"
109,"В Rostic’s завезли бутеры с беконом, стрипсами, сыром, овощами и соусом цезарь.","Еда и гастрономия"
106,"Сегодня отмечается День коктейля.","Праздники и развлечения"
112,"Всех учителей обяжут отчитываться об активности в школьных чатах мессенджера Max, пишет Ксения Собчак. Минпросвещения введёт KPI по числу сообщений, переведя туда родительские чаты, собрания, расписание и онлайн-уроки. К концу октября педагоги должны писать не меньше, чем до «миграции», а к декабрю вовлечённость должна достичь 75% учителей и 30% родителей и учеников.","Образование и технологии"
125,"Водителей будут штрафовать за жирный шрифт и отсутствие триколора на номерах. Новый стандарт начинает действовать уже с 1 января 2025. Штраф — ₽500. Камеры тоже научат распознавать неправильные номера.","Авто и законодательство"
73,"Не менее 8 человек погибли, более 50 получили ранения при израильском авиаударе по дому к северу от Газы, сообщает телеканал Al Jazeera","Конфликты и международные новости"
72,"Обыски у оппозиции в Молдавии стали частью низкопробной провокации, заявила лидер партии, экс-глава Гагаузии Ирина Влах...","Политика и международные новости"
151,"ИИ-агента нового поколения для всех бизнес-задач создают В РОССИИ. Им плотно занимается МТС Web Services...","ИИ и бизнес"
139,"Критерии нуждаемости для пособий многодетным предложили отменить. По мнению Вице-спикера Госдумы Бориса Чернышова...","Социальная политика"
142,"Нашли УБИЙЦУ DeepL — Kagi Translate переводит точнее и лучше конкурентов. Этот ИИ-переводчик — идеальная замена заблокированному в России DeepL...","ИИ и технологии"
99,"Трамп подписал указ о переименовании на время своего президентства министерства обороны США в министерство войны","Политика и США"
120,"Пакистанец два года продавал собственную мочу в Россию под видом «лечебного снадобья» из верблюжьей мочи...","Медицина и странные новости"
86,"Мурманский стрелок нейтрализован спецназом. «Сотрудники мурманского СОБР «Росомаха» и ОМОН «Медведь»...","Происшествия и безопасность"
161,"Зеленый чай ускоряет метаболизм, снижая риски диабета...","Здоровье и наука"
102,"В ЕС обсуждают, как использовать замороженные российские активы для помощи Киеву...","Экономика и международные финансы"
162,"Превращаем ЛЮБОЙ видос в конспект лекции — эта нейронка сама сделает за вас записи и выделит самое важное...","Образование и технологии"
143,"Число иранских студентов в вузах России взлетело на 42% за два года...","Образование и международные студенты"
119,"12 самых ПОЛЕЗНЫХ упражнений, которые можно делать дома — они способствуют укреплению мышц, улучшению осанки и снижению стресса...","Здоровье и спорт"
88,"В Dota 2 вышло масштабное обновление — огромный патч 7.39 прокачал баланс почти по всем фронтам...","Игры и киберспорт"
117,"Volvo отказалась от плана полного перехода на электромобили к 2030 году...","Автоиндустрия и технологии"
105,"В Германии собираются построить самый большой тепловой насос...","Технологии и экология"
198,"Мороженое от Kinder появилось в России — вкусняшку уже завезли в Самокат...","Еда и гастрономия"
188,"С 9 января ЦБ РФ возобновит покупку валюты на внутреннем рынке...","Финансы и экономика"
210,"Трамп сравнил удар США по Ирану с ядерными бомбардировками Хиросимы и Нагасаки...","Политика и США"
131,"В подмосковных Люберцах по улицам бегает бык...","Происшествия и животные"
155,"Российские заводы переходят на трёхдневную рабочую неделю...","Экономика и промышленность"
141,"ИИ создавался именно для этого: котики проводят подкаст, где они жалуются на своих хозяев...","Развлечения и ИИ"
148,"Милонов предложил запретить аборты в День семьи, любви и верности...","Политика и социальные вопросы"
146,"На Украине числится свыше 160 тысяч военных пенсионеров призывного возраста...","Военные и политика"
163,"Президент Киргизии подписал закон, запрещающий ношение в общественных местах закрывающей лицо религиозной одежды...","Политика и законы"
124,"В России начали испытывать вакцину против аллергии...","Медицина и здоровье"
136,"Новый препарат обеспечивает стойкое снижение веса и сохраняет мышцы...","Медицина и здоровье"
137,"GPS-дротики помогают отслеживать машину подозреваемых...","Технологии и безопасность"
134,"В Японии придумали приложение, вызывающее ДЕМОНА для непослушных детей Если ребенок капризничает, не хочет спать или ссорится, родители могут «вызвать» демона, который позвонит и отчитает маленького хулигана. Голос монстра озвучивает японский комик Кинтало. Приложение называется Oni kara Denwa («Звонок от демона») и основано на японских традициях — демоны там издавна «воспитывают» детей. А что вы знаете о психотравмах детства?"
134,"В Японии придумали приложение, вызывающее ДЕМОНА для непослушных детей...","Технологии и развлечения"
144,"Нейронка от Google NotebookLLM теперь понимает русский язык...","ИИ и образование"
164,"Создаём ОЧЕНЬ РЕАЛИСТИЧНОЕ ФОТО с любым персонажем из игр, сериалов, мультфильмов или артов...","ИИ и генерация изображений"
115,"Американский экономист Сакс заявил РИА Новости, что Трамп по вопросу Украины не очень стабилен...","Политика и аналитика"
94,"WINLINE выпустил новый мерч с Роналдиньо, который стал амбассадором бренда...","Спорт и маркетинг"
176,"Майнкрафт прошли по ШАРИАТУ — да, чел сыграл в настоящий халяль...","Игры и культура"
177,"Курьеры продолжают унижать айтишников — их зарплаты в Москве достигли 125 тысяч рублей...","Экономика и работа"
271,"Мобильным интернетом можно будет пользоваться даже при ограничениях — Т2 разработал и протестировал фичу...","Технологии и связь"
150,"Студенты колледжей — о раннем выборе профессии и учебе: 3 реальные истории...","Образование и карьера"
185,"ChatGPT — УМЕР во всем мире. Тысячи юзеров не могут связаться с нейронкой...","Технологии и ИИ"
108,"Главы МИД стран ЕС в третий раз не смогли согласовать 18-й пакет антироссийских санкций...","Политика и международные отношения"
135,"Администрация Трампа готовится усилить давление на крупные банки США...","Экономика и политика"
98,"Путин и Ким Чен Ын отправились к месту проведения их двусторонней встречи...","Политика и международные отношения"
174,"США хотели бы сокращать свои ядерные арсеналы вместе с Россией и Китаем...","Политика и международные отношения"
287,"Инженеры UC Berkeley представили гуманоидного робота, способного автономно играть в настольный теннис...","Технологии и робототехника"
166,"В iOS 18.1 появилась фича записывать звонки...","Технологии и гаджеты"
199,"Американский пастор убедил прихожан вложиться в созданную им криптовалюту...","Мошенничество и финансы"
191,"Индия планирует начать принимать карты «Мир», заявил посол страны в России...","Финансы и международные отношения"
179,"В США запрещают пищевые красители из-за связи с поведенческими нарушениями у детей...","Здоровье и законодательство"
118,"Apple представила iPhone 16e с 5G-модемом собственной разработки...","Технологии и гаджеты"
160,"Началась третья магнитная буря за октябрь, сообщили в Лаборатории солнечной астрономии ИКИ РАН...","Наука и космос"
159,"Индия прекратит покупать нефть у России, чтобы заключить торговую сделку с США...","Экономика и международные отношения"
169,"День ДРУЗЕЙ сегодня отмечается во всём мире! Это день тех, с кем вы делили парты, пиво, потные катки, авантюры и тишину...","Культура и праздники"
182,"Нейронка нарежет вирусные ТикТоки! Magicroll делает ВСЁ сама...","Технологии и ИИ"
154,"Исследование опровергает, что уровень тестостерона у мужчин определяет сексуальное влечение...","Наука и здоровье"
208,"Роботы-доставщики этой зимой мечтают лишь об одном — чтобы Донстрой скорее закончил «островные» кварталы...","Технологии и урбанистика"
111,"«Проколола шины его BMW, потому что он долго вызывал такси» — девушка рассказала...","Происшествия и отношения"
138,"Blum-лихорадка набирает обороты — присоединились уже 70 МИЛЛИОНОВ пользователей...","Игры и стартапы"
267,"Девушка купила квартиру в Петербурге за 7 млн рублей, сделала ремонт, но суд заставил вернуть жилье прежней владелице...","Недвижимость и закон"
168,"В России в последние годы всё плохо с браками и хорошо — с разводами...","Общество и статистика"
113,"ОГНЕННЫЕ ТОРНАДО бушуют в Лос-Анджелесе — пылающие вихри продолжают выкашивать район «Пасифик Палисейдс»...","Природные катастрофы"
133,"В Берлине прошла демонстрация движения Fridays for Future, около тысячи эко-активистов под девизом ""Выход из газа, вход в будущее"" протестовали против планов правительства ФРГ развивать газовую промышленность...","Экология и протесты"
288,"Чип из iPhone показали под микроскопом — размеры его внутренностей вас удивят. Когда микроэлектроника действительно МИКРО","Технологии и гаджеты"
190,"Шесть дней в Пекине за тысяч рублей! Российская путешественница поделилась опытом самостоятельной поездки в Китай...","Путешествия и лайфстайл"
129,"Сопредседатель Патриотического блока Воронин заявил РИА Новости, что власти Молдавии намерены использовать зарубежные участки для фальсификации итогов","Политика и выборы"
158,"Национальный день ПИВОПИТИЯ отмечается сегодня. Отпраздновать его просто — надо... пить пиво","Культура и праздники"
153,"Суд в Греции приговорил гражданина России Владимира Котельникова к 118 годам лишения свободы...","Закон и международные дела"
203,"Аккаунты «Госуслуг» могут заблокировать за смену пароля и номера телефона...","Технологии и госуслуги"
211,"Apple проведет презентацию WWDC 2024 с 10 по 14 июня. Должны показать iOS 18, iPadOS 18, macOS 15 и watchOS 11...","Технологии и гаджеты"
310,"Прокачиваем SQL в формате квеста: вышел бесплатный курс DBQuacks — поможет освоить работу с базами данных и не заскучать...","Образование и технологии"
209,"В поиске Яндекса внезапно забегали кабаны. Увидеть стадо можно, если ввести в строку поиска «кабан»...","Развлечения и интернет"
172,"Китай создал сверхбыструю систему управления гиперзвуковым оружием...","Военные технологии"
217,"промптов для идеальной копии ЛЮБОГО сайта — подойдёт для личных проектов, по учёбе или в работе...","Технологии и обучение"
230,"«Сумерки» улучшили нейросетями. Мужики, теперь смотрибельно","Развлечения и технологии"
220,"Забираем халяву: RPG по вселенной «Игры престолов» раздают бесплатно — мясной кооп-экшен вышел из раннего доступа...","Игры и развлечения"
196,"Лидер ЛДПР Леонид Слуцкий предложил направлять сверхприбыль банков в бюджет...","Экономика и политика"
245,"В Швейцарии напечатали батарею из грибов...","Наука и технологии"
224,"Съедобные трусы для истинных самцов выкатили на маркетплейсы — белье полностью сделано из КОНФЕТ...","Маркетинг и необычные товары"
233,"Новогоднюю премию в размере 1 млн руб выписал себе глава Среднеуральска...","Политика и скандалы"
212,"Форелевая лихорадка: в Карелии 44 тонны форели на 30 млн рублей сбежали из рыбного хозяйства...","Происшествия и экология"
193,"Доллар вырос выше 80 рублей на фоне сообщений об отмене нормативов обязательной продажи валютной выручки экспортёрами","Экономика и финансы"
171,"В сеть слили источник вдохновения дизайнеров Apple для новой камеры","Технологии и дизайн"
152,"Два жителя Ростовской области получили ранения из-за падения БПЛА на частный жилой дом, пожарные тушат возгорание на месте ЧП, сообщил губернатор Юрий Слюсарь","Происшествия"
251,"Россиян предупредили о росте цен и повышении ключевой ставки из-за засухи...","Экономика и финансы"
296,"Доллар — рублей! Бакс продолжает лететь вниз. Даешь по 30","Экономика и финансы"
229,"Инопланетяне прямо сейчас пытаются с нами СВЯЗАТЬСЯ — это не очередная теория сумасшедшего, а реальный сигнал из космоса...","Наука и космос"
298,"Илон Маск, комментируя слова главы Microsoft Сатьи Наделлы о запуске новой модели GPT-5...","Технологии и бизнес"
282,"В Google ответили на GPT-4o: новая Gemini разговаривает как человек...","Технологии и ИИ"
157,"Россиянин Евгений Торсунов установил мировой рекорд по прыжкам в длину в классе T36...","Спорт"
156,"Российские военные взяли под контроль Новониколаевку в Днепропетровской области...","Военные действия"
201,"Жителей Махачкалы попросили не пить воду из-под крана из-за того, что загрязняющие вещества могли попасть в сети водоснабжения...","Происшествия и здоровье"
231,"ЕС рискует не продлить санкции против России, поскольку премьер Венгрии Орбан отказывается подписать их продление...","Политика и международные отношения"
234,"В сентябре вступает в силу целый ряд законов, касающихся почти каждого...","Политика и закон"
189,"Бойцы 5-й роты 392-го полка 19-й дивизии группировки ""Днепр"" застали врасплох спецназ ГУР...","Военные действия"
214,"Впервые за 7 лет Россия сократит расходы на оборону...","Экономика и оборона"
280,"Годовая инфляция в РФ, по оценке на 21 апреля, составила 10,3%...","Экономика и финансы"
181,"Зеленский назначил главой Одесской военной администрации главу Днепропетровской области Лысака...","Политика и военные действия"
319,"Учёные изобрели вязанные кошачьи шапочки с электродами...","Наука и технологии"
170,"ВСУ атаковали беспилотниками Энергодар, сбито три дрона...","Военные действия"
256,"Новый 3D оптический диск вместил данные 10 000 дисков Blue-ray...","Технологии и наука"
277,"МВД получит доступ к данным людей, которые хотя бы раз были на приёме у психиатра...","Закон и общество"
183,"«В хозяйстве пригодятся, спасибо». Президент Лаоса Тхонглун Сисулит решил подарить России двух слонов...","Международные отношения и культура"
293,"Интернет захватывает безумная «церковь» Адонитологии — религии, в которой последователи поклоняются пышным женским попам...","Социальные медиа и культура"
202,"Первый рейс в аэропорт Краснодара после трех лет перерыва вылетел из Москвы...","Транспорт и авиация"
305,"У браузера от Perplexity большие проблемы с безопасностью: ИИ-агент в Comet слишком легко ведется на промт-инъекции...","Технологии и безопасность"
194,"ЕС «оценивает возможность смягчения санкций против России» после соглашения о прекращении огня...","Политика и международные отношения"
274,"Пиратский Steam получил САМУЮ БОЛЬШУЮ обнову в истории — разработчики продолжают улучшать лаунчер...","Игры и технологии"
307,"Глобальные выбросы CO₂ установили новый рекорд, главные виновники — Китай и Индия...","Экология и наука"
180,"За последние 10 минут на Камчатке случилось ещё 5 землетрясений магнитудой 5,0, 4,8, 4,8, 5,3 и 6,0...","Природные катастрофы"
175,"В США произошел взрыв на заводе сталелитейной компании US Steel...","Происшествия и аварии"
261,"Кофе продлевает ЖИЗНЬ женщинам — это доказали учёные...","Здоровье и наука"
184,"Временные ограничения на прием и выпуск воздушных судов введены в аэропорту Волгограда...","Транспорт и авиация"
178,"«Туман из нейтрино» может мешать обнаружить темную материю...","Наука и космос"
207,"Компания друзей собирается на пиво каждый четверг уже ПЯТЬДЕСЯТ ШЕСТЬ ЛЕТ...","Культура и социальные привычки"
219,"Избавляемся от БОЛИ В СПИНЕ в домашних условиях — простейшие упражнения...","Здоровье и фитнес"
352,"ЕС собирается захватывать танкеры с российской нефтью...","Политика и международные отношения"
228,"Трамп ударил по самому сокровенному: США ввели 25%-ные пошлины на импорт пива...","Экономика и международная торговля"
215,"Шок: ученые нашли следы древнейшего Шрека. Распространите","Наука и развлечения"
372,"Россияне рискуют остаться без современных лекарств...","Здравоохранение и закон"
187,"Правая фракция ЕП выдвинула погибшего американского активиста Кирка на премию Сахарова...","Политика и международные отношения"
195,"Приставы начали арестовывать имущество отставного судьи Верховного суда Момотова...","Закон и экономика"
272,"В Higgsfield появился нейрофотошоп — на любой картинке теперь дают рисовать промты...","Технологии и развлечения"
317,"Геомагнитный ШТОРМ обрушится на Землю уже завтра — учёные...","Природные явления и наука"
304,"Ночь без сна запускает воспаление в организме...","Здоровье и наука"
258,"Трамп разрешил депортировать нелегальных мигрантов без суда...","Политика и международные новости"
244,"В Санкт-Петербурге ужесточили правила для «наливаек» в жилых зданиях...","Закон и общество"
291,"Отказ от кофе ПРОКАЧАЕТ ваше тело за 7 дней...","Здоровье и лайфстайл"
200,"Площадь лесного пожара под Геленджиком увеличилась до 32 гектаров...","Природные катастрофы"
286,"RTX 5090 слили до релиза — вот это дура","Технологии и видеокарты"
197,"Индия за три года сэкономила как минимум $12,6 млрд на покупке российской нефти, пишет газета Indian Express со ссылкой на собственный анализ / Все наши каналы","Энергетика и нефть"
227,"В Сеченовском университете проводятся малоинвазивные операции при помощи робототехники. Все манипуляции происходят через небольшие разрезы, что ускоряет заживление ран. На видео — роботы-хирурги производства Da Vinci. Тем временем в университете работают над собственной технологией мягких медицинских манипуляторов.","Медицина и робототехника"
186,"Алиев поздравил по телефону Путина с днем рождения, главы государств обсудили развитие двухсторонних отношений, сообщила пресс-служба президента Азербайджана","Политика и международные отношения"
347,"В Катаре публично КАЗНИЛИ гоночный автомобиль, водитель которого регулярно лихачил и совершал опасные манёвры на дороге. Хозяин авто стоял рядом и смиренно смотрел. Обновлённая система штрафов в России уже не кажется такой жестокой.","Дорожное законодательство"
259,"Google поддерживает своего главного конкурента в сфере искусственного интеллекта Гендиректор Google Сундар Пичаи выразил воодушевление относительно сотрудничества с компанией OpenAI в области предоставления облачных вычислительных ресурсов...","Технологии и ИИ"
362,"OpenAI выпустили GPT-4.5. Она заметно умнее GPT-4o и галлюцинирует реже других моделей компании, судя по примерам...","Технологии и ИИ"
262,"Первый в мире ядерный реактор 4-го поколения заработал в Китае...","Энергетика и ядерные технологии"
221,"Будапешт заинтересован в существовании Украины в качестве буферной зоны между Венгрией и Россией...","Политика и международные отношения"
236,"В России может быть свой Куршевель — мест для горнолыжных курортов в стране много...","Туризм и развлечения"
239,"Халява: Alan Wake Remastered БЕСПЛАТНО раздают на Xbox и в Microsoft Store на комп...","Игры и развлечения"
250,"Инфляционные ожидания россиян в августе достигли 13,5%, следует из данных Центробанка...","Экономика и инфляция"
204,"Каждые 5 лет в Москве будет появляться по 30 новых станций метро — сообщил Сергей Собянин...","Транспорт и инфраструктура"
269,"В Spotify расширили бесплатный тариф. Теперь можно искать треки по названиям и включать нужные песни из плейлиста...","Музыка и стриминг"
216,"Умер заслуженный мастер спорта СССР, трехкратный олимпийский чемпион по спортивной гимнастике и преподаватель Александр Дитятин...","Спорт и биографии"
350,"Google начала выплачивать зарплату опытным айтишникам просто за то, чтобы они не работали...","Технологии и HR"
243,"Служить в армии будут с СИФИЛИСОМ, ПСИХОЗОМ И ПСОРИАЗОМ — законопроект с обновлёнными требованиями для призывников подготовило Минобороны...","Военное законодательство и здоровье"
412,"Грузы из России в Китай начнут перевозить с помощью дронов...","Логистика и дроны"
353,"Штрафы до 50 тыс. рублей грозят работодателям за незаконное лишение премий...","Трудовое законодательство"
242,"Водитель автобуса, попавшего в ДТП с грузовым поездом в Ленинградской области...","ДТП и транспорт"
285,"«Любовь, смерть и роботы» — Netflix дропнул полноценный трейлер четвёртого сезона...","Кино и сериалы"
257,"Airbus тестирует систему автономной заправки самолетов в воздухе...","Авиация и технологии"
225,"DeepL заблокирован в России и Беларуси...","Технологии и онлайн-сервисы"
213,"Слух: учителей УВОЛЬНЯЮТ за отказ установки MAX'а — хотя это незаконно...","Образование и законодательство"
249,"Цены на электронику в России ВЗЛЕТЯТ до небес из-за курса рубля...","Экономика и рынки"
265,"В России предлагают разрешить женщинам уходить в декрет на любом сроке беременности...","Социальная политика"
294,"Телефон оказался скрытым кастратором для мужчин...","Здоровье и технологии"
308,"Новая технология доставки препаратов полностью устранила агрессивные опухоли у мышей...","Медицина и исследования"
222,"Судья Евгения Козлова постановила продлить срок содержания под стражей бывшему губернатору...","Право и судебные дела"
248,"Трамп сегодня объявит о самых жестких пошлинах за последние 100 лет...","Мировая торговля и экономика"
316,"Cyberpunk 2 релизнется уже СКОРО — игра вышла на стадию предпродакшена...","Игры и развлечения"
205,"В YouTube появилось ЖИДКОЕ СТЕКЛО — Google полностью обновили дизайн в веб-версии и приложениях...","Технологии и интернет-сервисы"
301,"Разыгрываем ТРИ iPhone 17 Pro Max В первый день продаж...","Маркетинг и конкурсы"
290,"«Пункт назначения 6» — ЛУЧШИЙ фильм во всей серии!...","Кино и развлечение"
328,"Состоялся релиз клиента Telegram под названием VMgram, который позволяет менять свой голос...","Приложения и мессенджеры"
264,"Минфин признал отсутствие заявок от иностранных компаний на возвращение в Россию...","Экономика и финансы"
373,"Все это время вы неправильно работали с текстом. У Windows есть собственный буфер обмена...","Технологии и лайфхаки"
260,"Путин о присуждении Нобелевской премии мира – о том, заслуживал ли ее Трамп...","Политика и мировые награды"
303,"Вся правда про Гарри Поттера, о которой вы даже не задумывались.","Культура и развлечения"
247,"В два раза вырос спрос на астрологов из-за начавшегося ретроградного Марса...","Астрология и прогнозы"
237,"Еврокомиссия выступит с предложением запретить импорт российского СПГ к 1 января 2027 года...","Энергетика и санкции"
340,"Преступниками назвали в Госдуме владельцев алкомаркетов...","Закон и алкоголь"
223,"Жвачка усиливает работу мозга сразу на 20%...","Наука и здоровье"
284,"Курение в своей квартире или на балконе может обернуться для россиян штрафом...","Закон и здоровье"
380,"В Италии продают дом 18 века с собственным садом...","Недвижимость и жильё"
255,"В Хабаровском крае рыбаков обвинили в дефиците бензина...","Региональные новости и топливо"
354,"Duolingo адаптируется к обстановке.","Образование и технологии"
433,"Делегируем рутину нейросетям: вышел новый бесплатный аналог OpenAI Operator...","Технологии и ИИ"
240,"США не навязывают Киеву решения по возможным территориальным уступкам...","Политика и международные отношения"
394,"Исследование опровергает, что таурин обеспечивает профилактику старения...","Наука и здоровье"
263,"Москва заинтересована в продолжении диалога, который установился между президентами США и России...","Политика и международные отношения"
314,"Открыт метод получения электричества из капель дождя...","Наука и энергия"
336,Bitcoin резко взлетает вверх после анонса пресс-конференции Дэвида Сакса.,"Финансы и криптовалюты"
326,"У российских журналистов на Аляске из-за санкций почти не работает роуминг...","Связь и технологии"
331,"С 1 июля стоимость газа для россиян взлетит ещё на 10%...","Энергетика и цены"
330,"Россиян хотят начать штрафовать за зимнюю рыбалку...","Закон и отдых"
311,"Кидаем бабушкам в личку и ничего не объясняем","Социальные сети и юмор"
309,"Российские виноделы пообещали поднять цены...","Экономика и продукты питания"
226,"Два мирных жителя погибли из-за атаки дронов в Белгородской области...","Военные действия и происшествия"
232,"Индусы выпустили «Гелик» за 900 тысяч рублей...","Автомобили и технологии"
345,"Россияне смогут ездить без виз ещё в три страны...","Международные поездки и визы"
344,"Сбер снова в App Store — приложение называется Бюджет Онлайн...","Финансовые приложения"
327,"День шампанского и картошки фри отмечается сегодня...","Культура и гастрономия"
323,"Маршрутное такси попало в ДТП в Иркутске...","Происшествия и ДТП"
278,"Тиктоки и рилсы опаснее алкоголя и марихуаны...","Наука и цифровая зависимость"
365,"США и Россия предлагают трехступенчатый план МИРА России и Украины...","Политика и международные отношения"
324,"Посвящается всем, кто пытается в иностранные языки — Skyeng выпустил забавные ролики...","Образование и языки"
334,"Tesla на автопилоте протаранила стену с изображением пустой дороги...","Авто и технологии"
235,"Туристы из-за снегопада оказались в ловушке в горах китайской провинции Цинхай...","Происшествия и погода"
403,"Владельцам дач теперь нужно регистрировать бани и другие постройки...","Закон и недвижимость"
246,"На подлете к Москве сбиты еще два дрона.","Военные действия"
281,"Астрологи выяснили, какая вы посиделка по знаку зодиака...","Астрология и развлечения"
385,"Хомяки, второй удар! В день листинга вы получите только 10%...","Финансы и криптовалюты"
386,"В Telegram появятся самоуничтожающиеся после просмотра видеосообщения...","Технологии и соцсети"
434,"Bitcoin рухнул до отметки в $86,000.","Финансы и криптовалюты"
435,"Требования российских телеканалов к Google превысили 1,8 дуодециллиона рублей...","Медиа и финансы"
348,"Аналог оземпика объединяет компоненты трех гормонов в одном препарате...","Медицина и здоровье"
253,"Ремонт линии ""Днепровская"" завершен, восстановлено внешнее электроснабжение...","Энергетика и инфраструктура"
339,"ПОДРОБНЕЙШИЙ курс по ИИ на 2025 год...","Образование и технологии"
238,"ХАМАС заявило РИА Новости, что рассчитывать на реальные гарантии Нетаньяху невозможно...","Политика и международные конфликты"
241,"Дональд Трамп подал Украине сигнал о том, что ей придется принять соглашение...","Политика и США"
320,"Президент Южной Кореи Ли Чжэ Мён, выступая в ООН...","Политика и международные отношения"
523,"Что происходит в Южной Корее? Фактически — политический кризис...","Политика и кризисы"
283,"Служба госбезопасности Грузии заявила, что задержала двух граждан Украины за ввоз 2,4 кг гексогена","Правопорядок и преступления"
337,"Умер администратор криптобиржи Garantex Алексей Бещеков...","Финансы и криптовалюты"
270,"Ограничения на прием и выпуск воздушных судов в аэропорту Геленджика сняты...","Транспорт и авиация"
325,"Запрет курьерам-мусульманам перевозить некоторые продукты...","Закон и религия"
321,"Беларусь теперь в РОССИИ — Ванечка Золо рассказал...","Путешествия и отчеты"
378,"Средний уровень благосостояния взрослого человека в Европе...","Экономика и статистика"
315,"Апскейлим ЛЮБОЙ видос до 8K 120 FPS...","Технологии и видео"
306,"Нейросеть САМА усовершенствует любой ваш промпт...","Технологии и ИИ"
379,"Новостройки в России подорожают на 57% к 2032 году...","Недвижимость и экономика"
333,"Глава Mahle: «Водород обречен на неудачу без поддержки ископаемого топлива»","Энергетика и технологии"
375,"Оземпик снижает риски болезни Альцгеймера до 70%...","Медицина и здоровье"
300,"В США робот местного СОБР'а задержал преступника...","Правопорядок и происшествия"
395,"Айтишник, прошедший финальные собеседования в Google, Amazon и Netflix...","Карьерa и образование"
275,"Путин сообщил, что поговорил по телефону с Моди...","Политика и международные отношения"
312,"Глава МИД Британии заявила о готовности НАТО к ""прямой конфронтации"" с Россией...","Политика и международная безопасность"
358,"Цены на кейсы в CS взлетели — рост 50-127%...","Игры и экономика"
273,"Рубио заявил, что США нанесли ""смертоносный удар"" в Карибском море...","Политика и военные операции"
390,"Биткоин пробил новый исторический максимум — $116,000.","Финансы и криптовалюты"
447,"В Госдуме предложили разрешить заключенным заводить котов в тюрьмах...","Закон и социальные эксперименты"
276,"Иран наносит авиаудары по ядерному реактору в Димоне...","Военные действия и политика"
409,"Дороже всего чашка кофе обойдется москвичам в кофейнях Южнопортового района...","Экономика и потребительские цены"
295,"Владивосток в ожидании пленарного заседания ВЭФ...","Политика и экономика"
376,"Новый фильм Гая Ричи ВЫШЕЛ в бесплатных кинотеатрах — приключенческий боевик «Источник вечной молодости» уже можно посмотреть. Фильм называют буквально «Анчартедом» от культового режиссера. Внутри мощные погони, перестрелки и дух приключений. В центре сюжета брат и сестра, которые становятся участниками масштабного ограбления в поисках мифологического источника вечной молодости. Каст отличный: Джон Красински («Тихое место»), Натали Портман («Леон»), Эйса Гонсалес («Министерство неджентльменских дел») и Донал Глисон («Выживший»). Появились планы на вечер.","Кино и развлечения"
341,"Брак не делает людей счастливее — показало исследование Психологи выяснили, что самый яркий подъём в отношениях приходится на время, когда пара только начинает жить вместе. Потом уровень счастья постепенно снижается При этом сама свадьба не приносит особой радости — современное общество утратило эффект «эйфории от брака» — полностью согласен! — ну не знаю, я верю, что брак делает людей счастливее","Психология и отношения"
292,"Ростелеком ВЗЛОМАЛИ — утверждают хакеры. В общий доступ опубликованы 154 тыс. уникальных адресов почты и 101 тыс. уникальных номеров телефонов. За слив ответственна группировка Silent Crow, которая ранее сообщала о взломе Росреестра. Дней без сливов: 0.","Кибербезопасность"
268,"Туск утверждает, что Польша зафиксировала у себя ночью 19 дронов, большая часть, по его словам, прилетела со стороны Белоруссии","Международная политика"
266,"Cредства ПВО с 7.00 до 8.00 уничтожили 9 украинских беспилотников над акваторией Черного моря, сообщили в Минобороны","Военные новости"
332,"ЛЕГАЛАЙЗ В ТАИЛАНДЕ — В С Ё! Власти Таиланда возвращают уголовную ответственность за оборот марихуаны, теперь её можно будет приобрести только по рецепту врача Власти поясняют: «Мы не против медицины, но туристы превратили легалайз в шоу под наркотиками». Речь о неконтролируемых случаях, когда люди вели себя неадекватно и пытались вывозить продукцию за пределы страны Что теперь запрещено: Продажа, выращивание и хранение марихуаны без рецепта; Работу магазинов без сотрудников с медицинским образованием; Вывоз любых форм каннабиса за границу (и это уже уголовка). После объявления новостей продажи билетов в Таиланд резко просели. Массовые ограничения начнутся уже с 11 ноября 2025 года, но магазины уже начали закрываться — отпуск мечты отменяется, — RIP экономике Таиланда на ближайшие пару лет","Закон и медицина"
279,"Бывший премьер Непала Шер Бахадур Деуба и его жена, министр иностранных дел страны Арзу Рана Деуба подверглись нападению в ходе акций протеста, передает телеканал India Today. Как пишет AP, участники протестных акций также подожгли частную школу, которая принадлежит главе МИД","Политика и происшествия"
338,"Subway в России ПЕРЕИМЕНУЮТ — теперь это будет «Саббой». Юрлицо зарегистрировало новый бренд — «Саббой». Под этим названием, скорее всего, продолжат работать бывшие рестораны Subway. Причина — лицензия на бренд истекает в 2025 году, и её не будут продлевать. Парни, главное — оставаться subboy","Бизнес и бренды"
542,"Теперь в Telegram-боте можно отслеживать ГЕО-статистику Ваших подписчиков Команда разработчиков Телеграм-бота GladOS представила новую функцию, которая впервые позволяет админам каналов получить подробную статистику своих подписчиков. Администраторы могут отслеживать в детальной статистике страну пользователя, из какого региона России (например: Москвы, Питера, Казани), какой язык у пользователя. Помимо этого, бот позволяет очистить канал от неактивных подписчиков, поддерживает возможность экспорта данных о пользователях в Excel, а так же — защищать канал от накруток. Для того чтобы воспользоваться новым функционалом, активируйте бота, добавьте его в свой канал или группу и запустите ""Актуализацию"" для получения данных о Вашем канале и подписчиках в нём.","IT и соцсети"
503,"Нашли сайт с подробной 3D-картой человеческого тела. Можно изучить каждый орган и почитать про связанные с ним заболевания и операции. Все объясняют на понятых схемах и анимациях. Примеряем на себя роль врача по ссылке.","Образование и медицина"
418,"Средняя цена нового автомобиля в России упала до 3,1 млн рублей в марте — это на 8% меньше, чем год назад. Дилеры «китайцев» вынуждены делать скидки из-за переполненных складов","Авто и экономика"
349,"YouTube ОТРУБИЛ рекламу для россиян. Google обновил правила монетизации: реклама больше не будет показываться зрителям, которые смотрят русскоязычный контент, вне зависимости от IP-адреса. Русскоязытые каналы больше не получают трафик от западных рекламодателей. Да, даже при просмотре через VPN — рекламы не будет. Для зрителей это конец рекламным паузам. А вот блогерам прилетело — YouTube предупреждает о падении доходов.","IT и соцсети"
388,"В 15 км от Тынды нашли обломки пропавшего Ан-24, сообщает «Интерфакс» со ссылкой на экстренные службы. Самолет авиакомпании «Ангара» выполнял рейс Хабаровск – Благовещенск – Тында, при заходе на посадку в Тынде ушел на второй круг, после чего связь с ним была утеряна, отмечали в транспортной прокуратуре.","Происшествия и авиация"
299,"США в случае заключения мирного соглашения по Украине могли бы взять на себя ведущую роль в мониторинге потенциальной «буферной зоны», а к ее охране привлечь войска не входящих в НАТО стран, например Саудовской Аравии или Бангладеш, пишет NBC News. Буферная зона потенциально могла бы представлять из себя демилитаризованную территорию, ее границы пока не определены, указывает телеканал. Наблюдение за ней США бы могли вести с помощью беспилотников и спутников. План был разработан после встречи президентов России и США Владимира Путина и Дональда Трампа на Аляске в середине августа и является частью потенциальных гарантий безопасности Украины","Международная политика"
405,"В Афганистане власти потребовали убрать головы у фигурок для настольного футбола, пригрозив запретом игры, пишут местные СМИ. Чиновники считают, что фигурки напоминают идолов, а в Исламе поклоняться им считается грехом.","Культура и религия"
415,"В Китае разработали инновационное микроволновое орудие Новый тип мощного оружия направленной энергии (ОНЭ), разработанный китайскими инженерами, может произвести свыше 10 тысяч выстрелов без сбоев. Конкретики пока мало, но известно, что эта микроволновая пушка крайне надежная, а по размерам не превосходит картечницу Гатлинга. Мощные лучи энергии способны выводить из строя дроны, ракеты, самолеты и даже низкоорбитальные спутники, поджаривая их электронику.","Военные технологии"
404,"Доклад: к 2050 году лекарственно-устойчивые инфекции убьют 40 млн человек К 2050 году от инфекций, устойчивых к антибиотикам, умрут более 39 млн человек, а число случаев лекарственно-устойчивых инфекций возрастет на 70%. На это указывает новое исследование, опубликованное в ведущем медицинском издании Lancet. В период с 1990 по 2021 год от бактерий, устойчивых к лекарственным препаратам, ежегодно умирало более 1 млн человек. К 2050 году этот показатель может вырасти почти до 2 млн в год.","Медицина и здравоохранение"
289,"Доллар рухнул до 80₽.","Новости валюты"
351,"Уфимец, сбросивший ребёнка с 4 этажа, является его отцом, сообщили РИА Новости в правоохранительных органах города. Подозреваемый является отцом малыша","Криминал"
342,"Премьер Монголии заявил, что правительство будет оказывать всестороннюю поддержку созданию ""Силы Сибири-2"". Проведены все технико-экономические работы, включая исследовательские, добавил он","Энергетика и инфраструктура"
384,"На Wildberries появился НОВЫЙ КЭШБЭК под названием «Ягодки»! Теперь за товары со специальным значком можно получать бонусы от 1 до 25% Потратить «ягодки» можно почти полностью — на оплату до 99% стоимости любого товара (1 балл = 1 рубль). Продавцы сами решают, какой размер кэшбэка устанавливать В будущем планируют начислять бонусы и за активности в приложении Wibes","Бизнес и финансы"
302,"Россия заинтересована в долгосрочных проектах в атомной сфере, заявил Путин. Равный доступ к технологиям в сфере мирного атома поможет обеспечить устойчивое глобальное развитие","Энергетика и политика"
313,"Палестинские власти дали обязательство Канаде и международному сообществу провести необходимые реформы и всеобщие выборы в 2026-м, заявил премьер Канады Марк Карни","Международная политика"
297,"Французский премьер Лекорню заявил, что предложит парламенту приостановить пенсионную реформу до президентских выборов. О том, что такое решение возможно, сегодня днем писали СМИ. Президентские выборы в стране планируется провести в 2027-м. Эта реформа предусматривает постепенное увеличение возраста выхода на пенсию с 62 до 64 лет. Решение о ее приостановке, как утверждала пресса, представляет собой компромисс с Соцпартией, который позволит избежать вотума недоверия премьеру и правительству","Политика и экономика"
366,"Мыть курицу перед готовкой — ОПАСНО ДЛЯ ЗДОРОВЬЯ! Об этом заявили специалисты из Росбиотеха По их словам, на поверхности сырой курицы часто присутствуют сальмонелла и кампилобактер. И при мытье данные бактерии разлетаются с брызгами по всей кухне — на раковину, посуду, другие продукты и прочие поверхности Вода их никак не убивает — справится только термическая обработка. После разделки курицы важно тщательно вымыть всё, что с ней соприкасалось Предупреждаем всех друзей и родственников","Здоровье и питание"
396,"Мэр Киева призвал жителей готовиться к сложной зиме. ""Не могу не сделать акцент, что зима у нас будет непростой... Хотел бы обратиться к каждому киевлянину, что нужно просчитывать разные сценарии и быть готовыми. Что это означает - иметь запас воды, продуктов питания длительного хранения и теплые вещи на тот случай, если может быть повторение ситуации, которая была на прошлой неделе"", - сказал Кличко в эфире телеканала ""Киев 24""","Городские новости"
407,"Мишустин поручил проработать проведение тестовой сдачи ОГЭ и ЕГЭ. «Естественное волнение» школьников, сдающих экзамены, влияет на их результаты в худшую сторону, отметил премьер-министр. «Очень большое количество ребят, родителей хотят тестировать ситуацию, связанную со сдачей ОГЭ или ЕГЭ, заранее. Конечно, условия тестирования должны быть максимально приближены к условиям, когда будет непосредственно государственное испытание», – сказал он на встрече с главой Рособрнадзора Анзором Музаевым","Образование и госуправление"
398,"Юра Борисов сыграет в фильме про ChatGPT — в нём расскажут, как гендиректора OpenAI Сэма Альтмана уволили и вернули за пару дней. Роль Альтмана может достаться Эндрю Гарфилду, а Юре — Ильи Суцкевера, сооснователя компании, пишут СМИ. Наш слон снова захотел на Оскар","Кино и технологии"
417,"Смартфоны Samsung массово превращаютcя в КИРПИЧ после установки обновы One UI 8 — ни в коем случае НЕ ОБНОВЛЯЙТЕСЬ. Первые случаи зафиксированы в Южной Корее, а теперь о фатальных проблемах сообщают и российские юзеры. По данным «Базы», телефон уходит в бесконечную анимацию при старте, а после перезагрузки показывает лишь приветственный экран с надписью «Добро пожаловать». Единственное, что остаётся работоспособным — возможность принимать звонки. Предупредите знакомых самсунгеров.","IT и технологии"
401,"Свободный рунет МЁРТВ: Госдума приняла роковой законопроект о наказании за ПОИСК в интернете и VPN. Кратко о том, в каком мире мы оказались: • Штраф за «намеренный поиск» экстремистского контента — рублей • Запрещёнки в реестре аж на страниц мелким шрифтом — нарваться будет проще простого • Страну накроет волна мошенничества, докса и вымогательств — подставить кого угодно станет В РАЗЫ проще • Если вам пришлют ссылку на запрещённый материал и вы её откроете — вы ЭКСТРЕМИСТ • Ещё раз: ссылки НЕ ОТКРЫВАЕМ • За рекламу VPN — штраф до тысяч • Использование VPN при поиске запрещёнки — отягчающее обстоятельство • Передавать симки посторонним — НЕЛЬЗЯ. Если номер продадут или сдадут в аренду — делом займутся силовики • Логины и пароли — туда же • Близка смерть рынка по продаже, бусту, пополнению аккаунтов и продлению подписок на игры и сервисы — банки боятся работать с такими услугами • Время подёргаться в конвульсиях у рунета ещё есть — штрафы повалят с 1 сентября. Это наша новая реальность. Берегите себя","Законы и интернет"
422,"ЦБ впервые за месяц поднял курс доллара выше ₽81 В предыдущий раз выше этого уровня доллар был 31 июля. Официальный курс валют на пятницу, 5 сентября: доллар — ₽81,30 (+₽0,45); евро — ₽94,78 (+₽0,52); юань — ₽11,35 (+₽0,06). По курсу ЦБ проходят расчеты по ряду инструментов, в том числе по замещающим облигациям и фьючерсам на доллар и евро. Выгодные курсы в обменниках и прогнозы по рублю ЦБ впервые за месяц поднял курс доллара выше ₽81 Подписаться на «Сам ты инвестор!»","Новости валюты"
425,"Прорыв в лазерах открывает новые возможности использования рентгеновских лучей Группа ученых из США сгенерировала весьма необычный тип светового луча — пучок Пуанкаре, причем впервые добилась этого с помощью лазера на свободных электронах. Технология, позволяющая изучать материалы с помощью одной быстрой вспышки, должна, по мнению разработчиков, способствовать прогрессу в области высокопроизводительных вычислений, например, в области компьютерных чипов следующего поколения.","Наука и технологии"
402,"Россиян могут признать НАРКОМАНАМИ за… любовь к булочкам с маком — об этом заявили врачи. По словам физиологов, в промышленности всё чаще используется мак с повышенным содержанием морфина, из-за чего в пищевых семенах могут оставаться остаточные опиаты, которые вызывают сонливость и спутанность сознания. Эксперты советуют не превышать суточную норму — 1–2 ложки мака, но даже после такого количества тест на опиаты может показать положительный результат. Предупредите любителей","Здоровье и питание"
470,"В соцсетях публикуют способ борьбы с депрессией.","Психология и здоровье"
449,"Многие ресурсы, которые позволяли экономике РФ расти высокими темпами в последние два года, исчерпаны, заявила Набиуллина на ПМЭФ. Она подчеркнула, что необходимо разрабатывать новую модель роста экономики","Экономика и финансы"
393,"Более 2 тысяч чиновников в Узбекистане сократят к ноябрю за счет внедрения ИИ, соответствующий указ президента страны Шавката Мирзиёева опубликован на сайте базы национального законодательства","Госуправление и технологии"
474,"В японской префектуре Оита бесплатно отдают дом площадью 100 м² в традиционном стиле. Жильё требует ремонта, но располагается в рыбацкой деревне рядом с портом и недалеко от города Саики. В доме пять комнат, мансарда и сарай. Годовой налог на недвижимость — около $20.","Недвижимость и жильё"
421,"Минцифры в 2025 году запустит ИИ-сервис для обработки данных с камер наблюдения, выделив на это 2 млрд рублей. Система будет анализировать видео с 1,2 млн камер, из которых половина подключены к централизованным системам. Ранее создание подобной платформы оценивалось в 12 млрд рублей","IT и госуправление"
428,"Становимся КАЧАЛОЙ за считанные дни с мощным сервисом — на Darebee собраны ДЕСЯТКИ ТРЕНИРОВОЧНЫХ программ для похудения, роста мышц и буста вышей выносливости 87 уникальных тренировочных программ для новичков и продвинутых спортсменов — с такими занятиями не придется сталкиваться со скукой Разнообразные цели: снижение веса, развитие гибкости, наращивание мышечной массы или повышение выносливости Каждое упражнение сопровождается видео, где показана правильная техника выполнения Подборка полезных советов по питанию с вкусными и разнообразными рецептами — забудьте про однообразное меню из куриной грудки и гречки Сохраняйте сайт и делитесь им с кентами","Спорт и здоровье"
462,"Дезодоранты больше НЕ НУЖНЫ — корейские учёные дропнули гаджет, который убивает бактерии и запах вообще без побочек. Просто прикладываете чудо-девайс на полторы минуту и получаете чистую подмышку — без аллергии или раздражения. Главная новинка лета стоит всего 149 долларов (~13 500 рублей).","Здоровье и технологии"
461,"Массовый СБОЙ в Телеграме — пользователи по всей стране не могут получить сообщения и загрузить медиа. Количество жалоб взлетело до 3500 за полчаса","IT и соцсети"
355,"Стоимость ущерба при ограблении парижского Лувра оценивается в 88 млн евро, сообщает Франс Пресс со ссылкой на прокурора","Криминал и культура"
346,"В результате разлива нефтепродуктов в Енисее в июне в воду попало 79,3 т дизельного топлива, реке был причинен вред на 1,2 млрд руб. К такому выводу пришли власти в результате проведенной проверки, сообщила первый заместитель министра экологии Красноярского края Юлия Гуменюк. Обь-Иртышское речное пароходство, чей теплоход допустил аварию и розлив топлива, должно за месяц выплатить в государственный бюджет всю сумму ущерба, причиненного Енисею. На организацию составили административные протоколы о нарушении требований к охране водных объектов и порче земель. Пароходство должно исправить ситуацию к сентябрю","Экология и происшествия"
356,"Генерации в Sora за 200 баксов выглядят офигенно","IT и развлечения"
387,"Акции ""Лукойла"" и ""Роснефти"" дешевеют утром более чем на 3,5% после новостей о санкциях США, следует из данных Московской биржи","Финансы и бизнес"
480,"Новый Samsung Galaxy S25 бьет рекорды по предзаказам в России. В телефонах — прокачанные ИИ-фичи: синхронный перевод, генерация текста и апскейл фотографий. Девайсы приедут в страну уже 4 февраля — в такие сроки обещает доставить Ozon. Новая линейка доступна во всех вариантах, в подарок обещают Galaxy Buds3 Pro. Самая доступная модель Samsung Galaxy S25 на 128 ГБ стоит 99 990 рублей.","IT и гаджеты"
488,"El Capitan стал самым мощным суперкомпьютером в мире Суперкомпьютер El Capitan, созданный компанией Cray Computing, изначально был рассчитан на пиковую производительность в 1,5 экзафлопса. Однако он превзошел эти ожидания, достигнув рекордных 1,742 экзафлопса. В результате он занял лидирующую позицию среди мощнейших суперкомпьютеров мира. Система, оснащенная 11 млн объединенных ядер CPU и GPU, способна выполнять более квинтиллиона вычислений в секунду. El Capitan предназначен для обеспечения безопасности ядерного арсенала и противодействия ядерному терроризму.","Наука и технологии"
335,"Министерство иностранных дел Швеции вызвало посла России в королевстве из-за дронов в Польше, сообщила пресс-служба МИД. «Швеция оказывает полную поддержку Польше как союзнику по НАТО и члену ЕС. Российские нарушения неприемлемы и представляют угрозу для безопасности Европы», — заявила министр иностранных дел Мария Мальмер Стенергард. В ночь на 10 сентября польские военные проинформировали о нарушении воздушного пространства страны. Как позже заявил премьер-министр республики Дональд Туск, речь шла об «огромном количестве российских дронов» — по его словам, границу Польши нарушили 19 БПЛА. Следить за новостями РБК в Telegram","Международная политика"
322,"Добывать уран из морской воды можно в три раза быстрее Китайские ученые нашли способ эффективного получения сырья для ядерных реакторов из морской воды при помощи электричества. Команда специалистов разработала электрод, способный захватывать уран в процессе электрохимической реакции. Новый метод как минимум в три раза быстрее существующих, вдобавок, не боится примесей, а значит — пригоден для практического применения в промышленных масштабах.","Наука и энергетика"
377,"Министерство войны США (Пентагон) будет заниматься только подготовкой к военным действиям и вести их, заявил глава ведомства Пит Хегсет. «Единственной миссией восстановленного министерства войны является война — ведение боевых действий, подготовка к войне и подготовка к победе, неустанная и бескомпромиссная» Фото: Andrew Harnik / Reuters Следить за новостями РБК в Telegram","Военные новости"
318,"В семи регионах из 21, где прошли выборы губернаторов, сменятся сенаторы от исполнительной власти. Двое из действующих сенаторов сменят регионы, которые они представляют, в Совфед придут замминистра здравоохранения Наталья Хорова, бывший министр транспорта Евгений Дитрих и олимпийская чемпионка по фехтованию Евгения Ламонова. Как ранее писал РБК, лишился поста сенатора глава комиссии по иностранному вмешательству верхней палаты Андрей Климов. Как изменился Совфед после выборов — в материале РБК Самые важные новости — в телеграм-канале РБК","Политика и выборы"
400,"Спрос на айтишников летит НА ДНО — вакансий уже меньше, чем во времена ковидной жести. С начала 2022 года мировой ИТ потерял 635 тысяч рабочих мест — даже сеньоры из Microsoft и Google оказались под раздачей. За 2024-й уволили ещё 52 тысячи человек, а рынок новых вакансий просто обвалился. Главные причины: • Бигтехи режут бюджеты и закрывают проекты • Компании автоматизируют всё, что могут — вместо новых айтишников нанимают нейросети • Конкуренция усилилась даже на позиции джунов Срочно осваиваем новые профессии","IT и экономика"
454,"Айфон научился АНАЛИЗИРОВАТЬ КАЛ — само собой, для проверки здоровья…","IT и гаджеты"
467,"Топ фильмов для фанатов ДнД — их должен посмотреть каждый фанат ролевых настолок…","Кино и развлечения"
364,"Работа мечты в Шотландии — ищут кисломелье…","Вакансии и работа"
367,"Европейский чиновник, комментируя предложение президента США…","Международная политика"
361,"ИИ нагенерит вам мелодию по одному короткому запросу…","IT и музыка"
432,"Топ-30 книг для МОТИВАЦИИ и саморазвития…","Книги и саморазвитие"
431,"Депутаты российского региона предложили увеличить себе пенсии…","Политика и госуправление"
410,"«Если не будет нас — не будет никого». По словам министра обороны Пакистана…","Военные новости"
420,"Самая лучшая кастомная сборка Windows 11, которую вы можете абсолютно бесплатно поставить…","IT и технологии"
442,"Острое пиво со вкусом ТОМ ЯМА выпустили питерские пивовары","Еда и напитки"
469,"У ChatGPT появилась функция напоминаний и списков дел…","IT и сервисы"
537,"Первое в России МУЖСКОЕ кафе открыли в Москве…","Развлечения и досуг"
416,"Сеть аптек «Столичка» ВЗЛОМАНА — точки закрыты по всей Москве…","IT и безопасность"
389,"Налог на туризм за границей может появиться в России…","Экономика и налоги"
329,"Конец беспределу с зарплатами: с 1 сентября вступает запрет на урезание премии…","Работа и законы"
515,"Забываем про долгие уроки Excel — теперь за вас все делает ChatGPT…","IT и сервисы"
343,"Фотография военкора РИА Новости Станислава Красильникова вошла в новую экспозицию…","История и выставки"
419,"Все выставки и концерты в России обязали проходить цензуру МВД…","Культура и законы"
443,"Конструктор LEGO, но вы собираете… АЛКОГОЛЬНЫЕ НАПИТКИ!","Игрушки и развлечения"
383,"В Хабаровске прошел военный парад, посвященный 80-й годовщине Победы…","Военные новости"
370,"Россияне вынесли вердикт цифровому рублю","Экономика и финансы"
414,"ОГРОМНЫЙ СМЕРЧ НА СЕВЕРЕ ПИТЕРА засняли на камеру…","Природные явления"
455,"Опа: весь октябрь едим в кафе и ресторанах с КЭШБЭКОМ 10%…","Финансы и акции"
444,"Один из самых масштабных и зрелищных фильмов России — «Кракена»…","Кино и развлечения"
359,"Премьер Непала Шарма Оли подал в отставку на фоне беспорядков…","Международная политика"
520,"Всемирный День вина и сыра отмечают сегодня!","Праздники и еда"
357,"Самокат х Genshin — ПЕРВЫЕ ФОТО коллаборации…","Игры и продукты"
360,"«Думаю, нам придется отказаться от американской помощи в сфере безопасности»…","Международная политика"
517,"Айфоны КРАДУТ ваши фото, пароли, паспортные данные и КРИПТУ…","IT и безопасность"
381,"Высокопоставленные американские военные недовольны новой редакцией оборонной стратегии…","Военные новости"
368,"Комитет Совфеда предложит провести консультации по кандидатуре Александра Гуцана…","Политика и законы"
363,"Маск заявил, что цель его новой партии — получить 2–3 места в Сенате…","Политика и США"
476,"Плохо даже нейронкам: Gemini 2.5 угрожает пользователям самоуничтожиться…","IT и нейросети"
399,"Землетрясение магнитудой 7,4 произошло у берегов Филиппин…","Природные явления"
530,"Биткоин — монета превысила сотку впервые за три месяца…","Криптовалюты"
490,"Лекарства от диабета в России подорожали на 35% в 2024 году…","Медицина и экономика"
493,"МЕГАПРОМПТ заставит ChatGPT писать КАК ЧЕЛОВЕК…","IT и обучение"
459,"Вышла самая масштабная обнова для мобильного приложения Билайна…","IT и сервисы"
423,"Цена золота может достигнуть $3000 за унцию в 2025 году…","Экономика и финансы"
466,"Сегодня отмечается Международный день против диеты…","Праздники и здоровье"
532,"Второй сезон аниме «Дандадан» вышел","Аниме и развлечения"
486,"Создание реестра мигрантов-нарушителей","Политика и миграция"
391,"Трамп рассматривал поставку Tomahawk Украине","Военная политика"
424,"Трамп с ультиматумом Ирану","Международные отношения"
427,"Meta обязали удалить мем о Ди Каприо","Технологии и соцсети"
369,"Украинские беспилотники сбиты ПВО РФ","Военные действия"
382,"Пресс-карта журналистов на переговорах Путина и Трампа","Международные события"
374,"План ""Ковер"" в Пензенской области","Региональные новости"
371,"Заблокированы мост через Днестр из-за минирования","Происшествия"
489,"Слухи о новом iPad Pro","Технологии и гаджеты"
472,"Диалог России и США","Международные отношения"
534,"Анонс третьего сезона «Монолог фармацевта»","Аниме и развлечения"
464,"Генератор видео Veo 2 для всех пользователей","Технологии и AI"
436,"Лекарство от деменции ALPHA-003","Медицина и здоровье"
463,"Бесплатный курс Гарварда по программированию","Образование и IT"
510,"Турция тестирует лазер против дронов","Военные технологии"
556,"Домашняя версия леканемаба для Альцгеймера","Медицина и здоровье"
504,"Новая технология антител против опухолей","Медицина и исследования"
392,"Взрывы в Ровно","Происшествия"
516,"Рост цен на лекарства в России","Экономика и здравоохранение"
549,"OpenAI выпустила модели o3 и o4-mini","Технологии и AI"
496,"Подборка книг для саморазвития","Образование и психология"
497,"Акции российских компаний рухнули после конфликта","Экономика и финансы"
471,"Xiaomi выпустила умный замок","Технологии и гаджеты"
533,"ИИ-функции iOS 18 на iPhone 16","Технологии и мобильные устройства"
477,"Льготная ипотека для специалистов","Экономика и социальные программы"
511,"Ростелеком ограничил домашний интернет","Технологии и услуги"
509,"Исследование металлов кагоме для квантовых вычислений","Наука и технологии"
506,"Фондовый рынок США обвалился после заявлений Трампа","Экономика и финансы"
411,"Последний день лета 2025 года","Общество и события"
453,"Министерство внутренней безопасности США о мигрантах","Политика и миграция"
397,"228 сообщений о происшествиях и фейках на выборах","Происшествия и выборы"
441,"Продажа электрокаров Bestune Pony","Авто и транспорт"
465,"Заградительные акцизы убили рынок вейп-жидкостей","Экономика и налоги"
507,"Apple M5 набрал рекордные баллы в Geekbench","Технологии и гаджеты"
413,"Охлаждение российской экономики","Экономика и финансы"
408,"Атаки украинских дронов на РФ","Военные действия"
502,"Коллаборация Dodo и Zenless Zone Zero","Игры и развлечения"
536,"Apple планирует складной MacBook 20 дюймов","Технологии и гаджеты"
525,"Соглашение США и Украины о природных ресурсах","Международные отношения"
531,"Искусственная паутина поднимает вес в 80 раз","Наука и технологии"
501,"Adidas выпустит лимитку по аниме","Мода и развлечения"
452,"РЖД сократило доплаты сотрудникам","Экономика и труд"
440,"Трамп о нападении на союзников","Международные отношения"
557,"Редизайн iPhone 17","Технологии и гаджеты"
538,"Adobe выпустила Project Indigo для iPhone","Технологии и фото"
430,"Рядовой Андрей Макан к службе готов","Военные события"
406,"Мужчина застрелил соседа и покончил с собой","Происшествия"
448,"Vast Space построила частную космическую станцию","Космос и технологии"
460,"Жесткая посадка Ан-2 в Красноярском крае","Происшествия и авиация"
446,"Лазерное оружие против дронов","Военные технологии"
555,"Тулзы для очистки ПК и повышения FPS","Технологии и программы"
499,"Альбом «Город дорог» проверка пропаганды наркотиков","Культура и музыка"
437,"Таиланд согласен на перемирие с Камбоджей","Международные отношения"
429,"Зеленский угрожает Венгрии, Орбан отвечает","Международные отношения"
426,"Разбор завалов после взрыва в Рязанской области","Происшествия"
475,"Финал «Очень странных дел» и новая «Игра в кальмара» — Netflix рассказали про главные релизы этого года.","Кино и сериалы"
479,"Оборот взломанного российскими хакерами маркетплейса БПЛА для ВСУ в 2024 году превысил $2 млрд.","Кибербезопасность и военные технологии"
458,"Сегодня родился новый МИЛЛИАРДЕР — 8 старых биткоин-кошельков активизировались, общая стоимость 8,9 млрд долларов.","Криптовалюты и финансы"
478,"Учёные выяснили, что комаров привлекают люди, которые пьют пиво и занимаются сексом чаще.","Наука и здоровье"
473,"Российские банки предложили ЦБ замораживать переводы граждан на 48 часов при подозрительных операциях.","Финансы и банки"
519,"Intel столкнулась с проблемами качества при тестировании новой производственной технологии 18A.","Технологии и IT"
561,"Пользователи Windows 10 и 11 могут удалить встроенный браузер Edge в ЕС через сторонние утилиты.","Технологии и софт"
445,"Китайское космическое управление опубликовало селфи аппарата «Тяньвэнь-2» на фоне Земли.","Космос и наука"
553,"Мужик сравнил цены в Таиланде сейчас и восемь лет назад, почти ничего не изменилось.","Экономика и путешествия"
450,"Для покупки номера телефона в Telegram теперь нужна верификация по паспорту и KYC.","Технологии и соцсети"
484,"В TikTok набирает популярность мем с Меллстроем, более 24k видео под этот звук.","Медиа и развлечения"
456,"На Сахалине спасатели эвакуируют жителей подтопленных домов из-за разлива реки Казачка.","Чрезвычайные ситуации"
500,"Рынок акций продолжает умеренно снижаться, индекс IMOEX теряет около 0,2%.","Финансы и рынок акций"
518,"— Папа, а как ты познакомился с мамой? — Она спустилась на меня с самих небес","Юмор и лайфстайл"
540,"В NASA провели эксперимент на случай угрозы столкновения с астероидом через 14 лет.","Космос и наука"
545,"Стартап намерен синтезировать золото в ядерном реакторе в промышленных масштабах.","Наука и инновации"
439,"Система расчетов в нацвалютах является приоритетом для Мьянмы в сотрудничестве с Россией.","Экономика и международные отношения"
438,"Чача убила почти всю семью в Адлере, погибли три человека после покупки напитка с рук.","Происшествия"
481,"Дональд Трамп и Александр Лукашенко провели телефонный разговор об освобождении заключённых.","Политика и международные отношения"
563,"Маск сообщил, что первый пациент с имплантом Neuralink уже управляет курсором силой мысли.","Технологии и медицина"
457,"Lada Vesta попала в ДТП под Владимиром из-за блокировки руля, водитель в больнице.","Авто и происшествия"
451,"Российские войска освободили Новопетровское в Днепропетровской области.","Военные новости"
495,"В Roblox появился университет — построили копию территории «Облачные города».","Игры и образование"
468,"Временные ограничения на прием и выпуск судов введены в аэропорту Волгограда.","Транспорт и происшествия"
564,"Аэрофлот выкатил масштабную распродажу билетов, действуют скидки на рейсы до марта.","Путешествия и авиа"
514,"Технологии волногенерации позволяют заниматься серфингом в любое время на стабильных искусственных волнах.","Спорт и технологии"
505,"В России предложили заменить куклы Барби на пупсов для повышения рождаемости.","Общество и демография"
554,"Команда Трампа направляется в Саудовскую Аравию для переговоров с Россией и Украиной.","Политика и международные отношения"
548,"Активы студии «Леста Игры», включая «Мир танков», арестованы по неизвестным причинам.","Игры и бизнес"
491,"Лавров возмутился попытками Запада возобновить санкции против Ирана.","Политика и международные отношения"
487,"Поезда из Белоруссии в Смоленск отменили после столкновения грузовика с поездом.","Транспорт и происшествия"
485,"Российский школьник внесен в украинскую базу «Миротворец», персональные данные опубликованы.","Политика и безопасность"
482,"Егор Крид ищет жену и будущую маму для своего ребёнка, получает тысячи сообщений от девушек.","Шоу-бизнес и лайфстайл"
528,"Умер Александр Масляков, официально сообщил канал КВН.","Шоу-бизнес и события"
541,"Женщина собралась на вечеринку в откровенном платье, спрашивает мнение комментаторов.","Лайфстайл и общество"
494,"Диабет второго типа побежден, 500 млн пациентов смогут отказаться от инсулина.","Медицина и здоровье"
483,"Госдума приняла в I чтении проект федерального бюджета на 2026-2028 годы.","Политика и экономика"
562,"Англичанин живёт в мусорном баке в центре Лондона, экономя на аренде.","Лайфстайл и необычные истории"
512,"Путин заявил о готовности России соблюдать ограничения ДСНВ после 5 февраля 2026 года.","Политика и оборона"
559,"Подводный реактивный ранец CudaJet разгоняет дайверов до 11 км/ч.","Технологии и спорт"
558,"Развитие электроэнергетики хотят финансировать за счет повышения платежей на рынке.","Энергетика и экономика"
535,"Торгпред США заявил, что встреча Трампа и Си Цзиньпина ещё возможна.","Политика и международные отношения"
492,"На Украине не будут вводить языковые патрули по экономическим и социальным причинам.","Политика и общество"
498,"Володин сравнил Макрона, Мерца и Байдена с плесенью, которая погибает под светом.","Политика и заявления"
526,"Правительство предложило Путину денонсировать Европейскую конвенцию против пыток.","Политика и законы"
513,"Госсекретарь США Марко Рубио встретится с Лавровым в Нью-Йорке на полях ООН.","Политика и дипломатия"
551,"Россиянину, проведшему почти 500 дней в плену, Путин посоветовал поблагодарить ХАМАС.","Политика и международные отношения"
550,"Второй сезон «Игры в кальмара» выйдет завтра, Сон Ки Хун возвращается.","Кино и сериалы"
524,"США ожидают, что страны НАТО будут закупать больше оружия для Украины.","Политика и оборона"
529,"Путин наградил Медведева орденом «За заслуги перед Отечеством IV степени».","Политика и награды"
527,"Глава Пентагона назначил совещание с генералами на 30 сентября по боевому духу.","Политика и армия"
508,"Средствами ПВО уничтожены 20 украинских БПЛА над несколькими областями России.","Военные новости"
521,"Redmi выкатили новый бюджетный геймерский монитор G34WQ 2026 — 34 дюйма, 180 Гц, 2560×1440.","Технологии и гаджеты"
546,"Медведь-стриптизёр появился в Красноярском крае и стал звездой соцсетей.","Животные и социальные медиа"
522,"Летнее расписание может довести до слёз.","Транспорт и общество"
552,"Boeing может потерять $10-15 млрд из-за запрета Китая на закупку американских самолетов.","Авиастроение и экономика"
543,"Воздушная тревога объявлена на всей территории Украины.","Военные новости"
539,"Помогаем составить бизнес-план за один промпт с помощью ChatGPT.","Бизнес и технологии"
560,"Москвичка отравилась квашеной капустой из магазина «Магнит».","Происшествия и здоровье"
544,"Украинские СМИ сообщают о взрывах в Харькове и Днепропетровске на фоне воздушной тревоги.","Военные новости"
547,"Путин назначил Алексея Кострубицкого замглавы МЧС России.","Политика и государственные назначения"
